county_fips,group_id,regional_jail_name,county_fips_list,start_year,end_year,n_years,n_counties
08051,56,,"('08051', '08053')",1970,2026,57,2
08053,56,,"('08051', '08053')",1970,2026,57,2
08061,57,,"('08061', '08099')",1989,2026,38,2
08067,58,,"('08067', '08111')",1970,2026,57,2
08075,59,,"('08075', '08095')",1984,2026,43,2
08079,60,,"('08079', '08105')",1970,2026,57,2
08085,61,,"('08085', '08091')",1970,2026,57,2
08091,61,,"('08085', '08091')",1970,2026,57,2
08095,59,,"('08075', '08095')",1984,2026,43,2
08099,57,,"('08061', '08099')",1989,2026,38,2
08105,60,,"('08079', '08105')",1970,2026,57,2
08111,58,,"('08067', '08111')",1970,2026,57,2
13061,62,,"('13061', '13239', '13243')",1994,2026,33,3
13101,63,,"('13101', '13185')",1970,2026,57,2
13185,63,,"('13101', '13185')",1970,2026,57,2
13189,64,,"('13189', '13301')",1979,2026,48,2
13239,62,,"('13061', '13239', '13243')",1994,2026,33,3
13239,67,,"('13239', '13243')",1970,1993,24,2
13243,62,,"('13061', '13239', '13243')",1994,2026,33,3
13243,67,,"('13239', '13243')",1970,1993,24,2
13261,65,,"('13261', '13307')",1989,2026,38,2
13265,66,,"('13265', '13317')",1970,2026,57,2
13301,64,,"('13189', '13301')",1979,2026,48,2
13307,65,,"('13261', '13307')",1989,2026,38,2
13317,66,,"('13265', '13317')",1970,2026,57,2
16001,69,,"('16001', '16015')",1979,2026,48,2
16005,70,,"('16005', '16071')",2007,2026,20,2
16015,69,,"('16001', '16015')",1979,2026,48,2
16031,71,,"('16031', '16067')",1989,2026,38,2
16065,72,,"('16065', '16081')",2000,2026,27,2
16067,71,,"('16031', '16067')",1989,2026,38,2
16071,70,,"('16005', '16071')",2007,2026,20,2
16081,72,,"('16065', '16081')",2000,2026,27,2
17013,73,,"('17013', '17083')",1984,2026,43,2
17047,74,,"('17047', '17059', '17065', '17193')",1986,2026,41,4
17047,77,,"('17047', '17065', '17193')",1984,1985,2,3
17047,78,,"('17047', '17193')",1970,1983,14,2
17059,74,,"('17047', '17059', '17065', '17193')",1986,2026,41,4
17065,74,,"('17047', '17059', '17065', '17193')",1986,2026,41,4
17065,77,,"('17047', '17065', '17193')",1984,1985,2,3
17083,73,,"('17013', '17083')",1984,2026,43,2
17087,75,,"('17087', '17165')",1970,2026,57,2
17127,76,,"('17127', '17151')",1984,2026,43,2
17151,76,,"('17127', '17151')",1984,2026,43,2
17165,75,,"('17087', '17165')",1970,2026,57,2
17193,74,,"('17047', '17059', '17065', '17193')",1986,2026,41,4
17193,77,,"('17047', '17065', '17193')",1984,1985,2,3
17193,78,,"('17047', '17193')",1970,1983,14,2
18115,79,,"('18115', '18155')",1979,2026,48,2
18155,79,,"('18115', '18155')",1979,2026,48,2
19025,68,,"('19025', '19161')",1984,2026,43,2
19161,68,,"('19025', '19161')",1984,2026,43,2
20063,80,,"('20063', '20195')",1970,2026,57,2
20069,81,,"('20069', '20119')",1970,2026,57,2
20119,81,,"('20069', '20119')",1970,2026,57,2
20171,82,,"('20171', '20203')",1970,2026,57,2
20195,80,,"('20063', '20195')",1970,2026,57,2
20203,82,,"('20171', '20203')",1970,2026,57,2
21001,4,Adair County Regional Jail,"('21001', '21057')",1984,2026,43,2
21005,93,,"('21005', '21211', '21215')",1988,2026,39,3
21009,94,,"('21009', '21169')",1979,2026,48,2
21011,85,Montgomery County Regional Jail,"('21011', '21173', '21165')",1989,2026,38,3
21015,95,,"('21015', '21191')",2000,2026,27,2
21017,5,Bourbon County Regional Detention Center,"('21017', '21097', '21181', '21201')",1979,2026,48,4
21023,0,Mason County Regional Detention Center,"('21023', '21069', '21135', '21161')",2021,2026,6,4
21023,6,Mason County Regional Detention Center,"('21023', '21069', '21161')",1989,2020,32,3
21023,98,,"('21023', '21161')",1979,1988,10,2
21025,1,Kentucky River Regional Jail,"('21025', '21119', '21193')",2021,2026,6,3
21025,8,Three Forks Regional Detention Center,"('21025', '21129', '21189', '21237')",1990,2019,30,4
21025,96,,"('21025', '21129', '21189')",1989,1989,1,3
21025,99,,"('21025', '21129')",1979,1988,10,2
21027,86,,"('21027', '21091')",2000,2026,27,2
21033,87,,"('21033', '21143')",1984,2026,43,2
21041,83,Carrol County Regional Detention Center,"('21041', '21103', '21223')",1989,2019,31,3
21041,84,Carrol County Regional Detention Center,"('21041', '21077', '21187', '21223')",2020,2026,7,4
21041,100,,"('21041', '21223')",1970,1988,19,2
21047,90,,"('21047', '21221')",2006,2026,21,2
21057,4,Adair County Regional Jail,"('21001', '21057')",1984,2026,43,2
21063,2,Big Sandy Regional Detention Center,"('21063', '21115', '21127', '21153', '21159', '21175')",1990,2026,37,6
21063,97,,"('21063', '21115', '21127', '21153', '21175')",1989,1989,1,5
21063,101,,"('21063', '21115', '21175')",1984,1988,5,3
21065,3,Three Forks Regional Detention Center,"('21129', '21189', '21237', '21151', '21065')",2020,2026,7,5
21069,0,Mason County Regional Detention Center,"('21023', '21069', '21135', '21161')",2021,2026,6,4
21069,6,Mason County Regional Detention Center,"('21023', '21069', '21161')",1989,2020,32,3
21077,84,Carrol County Regional Detention Center,"('21041', '21077', '21187', '21223')",2020,2026,7,4
21079,88,,"('21079', '21137')",1984,2026,43,2
21087,89,,"('21087', '21217')",1984,2026,43,2
21091,86,,"('21027', '21091')",2000,2026,27,2
21097,5,Bourbon County Regional Detention Center,"('21017', '21097', '21181', '21201')",1979,2026,48,4
21103,83,Carrol County Regional Detention Center,"('21041', '21103', '21223')",1989,2019,31,3
21115,2,Big Sandy Regional Detention Center,"('21063', '21115', '21127', '21153', '21159', '21175')",1990,2026,37,6
21115,97,,"('21063', '21115', '21127', '21153', '21175')",1989,1989,1,5
21115,101,,"('21063', '21115', '21175')",1984,1988,5,3
21115,103,,"('21115', '21175')",1979,1983,5,2
21119,1,Kentucky River Regional Jail,"('21025', '21119', '21193')",2021,2026,6,3
21119,7,Kentucky River Regional Jail,"('21119', '21193')",2000,2020,21,2
21127,2,Big Sandy Regional Detention Center,"('21063', '21115', '21127', '21153', '21159', '21175')",1990,2026,37,6
21127,97,,"('21063', '21115', '21127', '21153', '21175')",1989,1989,1,5
21129,3,Three Forks Regional Detention Center,"('21129', '21189', '21237', '21151', '21065')",2020,2026,7,5
21129,8,Three Forks Regional Detention Center,"('21025', '21129', '21189', '21237')",1990,2019,30,4
21129,96,,"('21025', '21129', '21189')",1989,1989,1,3
21129,99,,"('21025', '21129')",1979,1988,10,2
21135,0,Mason County Regional Detention Center,"('21023', '21069', '21135', '21161')",2021,2026,6,4
21137,88,,"('21079', '21137')",1984,2026,43,2
21139,92,,"('21139', '21145')",2000,2026,27,2
21143,87,,"('21033', '21143')",1984,2026,43,2
21145,92,,"('21139', '21145')",2000,2026,27,2
21151,3,Three Forks Regional Detention Center,"('21129', '21189', '21237', '21151', '21065')",2020,2026,7,5
21153,2,Big Sandy Regional Detention Center,"('21063', '21115', '21127', '21153', '21159', '21175')",1990,2026,37,6
21153,97,,"('21063', '21115', '21127', '21153', '21175')",1989,1989,1,5
21155,91,,"('21155', '21229')",1979,2026,48,2
21159,2,Big Sandy Regional Detention Center,"('21063', '21115', '21127', '21153', '21159', '21175')",1990,2026,37,6
21161,0,Mason County Regional Detention Center,"('21023', '21069', '21135', '21161')",2021,2026,6,4
21161,6,Mason County Regional Detention Center,"('21023', '21069', '21161')",1989,2020,32,3
21161,98,,"('21023', '21161')",1979,1988,10,2
21165,85,Montgomery County Regional Jail,"('21011', '21173', '21165')",1989,2026,38,3
21169,94,,"('21009', '21169')",1979,2026,48,2
21173,85,Montgomery County Regional Jail,"('21011', '21173', '21165')",1989,2026,38,3
21175,2,Big Sandy Regional Detention Center,"('21063', '21115', '21127', '21153', '21159', '21175')",1990,2026,37,6
21175,97,,"('21063', '21115', '21127', '21153', '21175')",1989,1989,1,5
21175,101,,"('21063', '21115', '21175')",1984,1988,5,3
21175,103,,"('21115', '21175')",1979,1983,5,2
21181,5,Bourbon County Regional Detention Center,"('21017', '21097', '21181', '21201')",1979,2026,48,4
21187,84,Carrol County Regional Detention Center,"('21041', '21077', '21187', '21223')",2020,2026,7,4
21189,3,Three Forks Regional Detention Center,"('21129', '21189', '21237', '21151', '21065')",2020,2026,7,5
21189,8,Three Forks Regional Detention Center,"('21025', '21129', '21189', '21237')",1990,2019,30,4
21189,96,,"('21025', '21129', '21189')",1989,1989,1,3
21191,95,,"('21015', '21191')",2000,2026,27,2
21193,1,Kentucky River Regional Jail,"('21025', '21119', '21193')",2021,2026,6,3
21193,7,Kentucky River Regional Jail,"('21119', '21193')",2000,2020,21,2
21201,5,Bourbon County Regional Detention Center,"('21017', '21097', '21181', '21201')",1979,2026,48,4
21211,93,,"('21005', '21211', '21215')",1988,2026,39,3
21211,102,,"('21211', '21215')",1984,1987,4,2
21215,93,,"('21005', '21211', '21215')",1988,2026,39,3
21215,102,,"('21211', '21215')",1984,1987,4,2
21217,89,,"('21087', '21217')",1984,2026,43,2
21221,90,,"('21047', '21221')",2006,2026,21,2
21223,83,Carrol County Regional Detention Center,"('21041', '21103', '21223')",1989,2019,31,3
21223,84,Carrol County Regional Detention Center,"('21041', '21077', '21187', '21223')",2020,2026,7,4
21223,100,,"('21041', '21223')",1970,1988,19,2
21229,91,,"('21155', '21229')",1979,2026,48,2
21237,3,Three Forks Regional Detention Center,"('21129', '21189', '21237', '21151', '21065')",2020,2026,7,5
21237,8,Three Forks Regional Detention Center,"('21025', '21129', '21189', '21237')",1990,2019,30,4
23015,10,Two Bridges Regional Jail,"('23015', '23023')",1970,2026,57,2
23023,10,Two Bridges Regional Jail,"('23015', '23023')",1970,2026,57,2
25001,9,Barnstable County Correctional Facility,"('25001', '25019')",1970,2026,57,2
25019,9,Barnstable County Correctional Facility,"('25001', '25019')",1970,2026,57,2
26129,104,,"('26129', '26135')",1970,2026,57,2
26135,104,,"('26129', '26135')",1970,2026,57,2
27011,105,,"('27011', '27149', '27155')",1970,2026,57,3
27039,106,,"('27039', '27147')",1970,2026,57,2
27041,107,,"('27041', '27121')",1970,2026,57,2
27083,108,,"('27083', '27101')",1970,2026,57,2
27101,108,,"('27083', '27101')",1970,2026,57,2
27105,109,,"('27105', '27133')",1979,2026,48,2
27107,11,Tri-County Community Corrections,"('27107', '27119', '27125')",1970,2026,57,3
27119,11,Tri-County Community Corrections,"('27107', '27119', '27125')",1970,2026,57,3
27121,107,,"('27041', '27121')",1970,2026,57,2
27125,11,Tri-County Community Corrections,"('27107', '27119', '27125')",1970,2026,57,3
27133,109,,"('27105', '27133')",1979,2026,48,2
27147,106,,"('27039', '27147')",1970,2026,57,2
27149,105,,"('27011', '27149', '27155')",1970,2026,57,3
27155,105,,"('27011', '27149', '27155')",1970,2026,57,3
28015,112,Carroll-Montgomery County Regional Correctional Facility,"('28015', '28097')",1994,2026,33,2
28019,113,Winston-Choctaw County Regional Correctional Facility,"('28019', '28159')",1999,2026,28,2
28051,114,Holmes-Humphreys County Regional Correctional Facility,"('28051', '28053')",2003,2026,24,2
28053,114,Holmes-Humphreys County Regional Correctional Facility,"('28051', '28053')",2003,2026,24,2
28097,112,Carroll-Montgomery County Regional Correctional Facility,"('28015', '28097')",1994,2026,33,2
28159,113,Winston-Choctaw County Regional Correctional Facility,"('28019', '28159')",1999,2026,28,2
29055,110,,"('29055', '29073')",1994,2026,33,2
29061,111,,"('29061', '29063')",1978,2026,49,2
29063,111,,"('29061', '29063')",1978,2026,49,2
29073,110,,"('29055', '29073')",1994,2026,33,2
30007,115,,"('30007', '30059')",1979,2026,48,2
30009,116,,"('30009', '30095', '30111')",2000,2026,27,3
30011,117,,"('30011', '30025')",1970,2026,57,2
30015,118,,"('30015', '30051')",2007,2026,20,2
30021,119,,"('30021', '30109')",1979,2026,48,2
30025,117,,"('30011', '30025')",1970,2026,57,2
30027,120,,"('30027', '30045', '30069')",1979,2026,48,3
30027,124,,"('30027', '30069')",1970,1978,9,2
30031,121,,"('30031', '30057')",2000,2026,27,2
30033,122,,"('30033', '30035')",1979,2026,48,2
30035,122,,"('30033', '30035')",1979,2026,48,2
30045,120,,"('30027', '30045', '30069')",1979,2026,48,3
30051,118,,"('30015', '30051')",2007,2026,20,2
30057,121,,"('30031', '30057')",2000,2026,27,2
30059,115,,"('30007', '30059')",1979,2026,48,2
30069,120,,"('30027', '30045', '30069')",1979,2026,48,3
30069,124,,"('30027', '30069')",1970,1978,9,2
30095,116,,"('30009', '30095', '30111')",2000,2026,27,3
30095,123,,"('30095', '30111')",1994,1999,6,2
30109,119,,"('30021', '30109')",1979,2026,48,2
30111,116,,"('30009', '30095', '30111')",2000,2026,27,3
30111,123,,"('30095', '30111')",1994,1999,6,2
31007,136,,"('31007', '31157')",1970,2026,57,2
31017,137,,"('31017', '31103')",1970,2026,57,2
31021,138,,"('31021', '31177')",1970,2026,57,2
31037,139,,"('31037', '31141')",2006,2026,21,2
31047,140,,"('31047', '31073')",1970,2026,57,2
31071,141,,"('31071', '31077', '31115', '31163', '31175', '31183')",1984,2026,43,6
31071,147,,"('31071', '31077', '31115', '31175', '31183')",1970,1983,14,5
31073,140,,"('31047', '31073')",1970,2026,57,2
31077,141,,"('31071', '31077', '31115', '31163', '31175', '31183')",1984,2026,43,6
31077,147,,"('31071', '31077', '31115', '31175', '31183')",1970,1983,14,5
31097,142,,"('31097', '31133')",1979,2026,48,2
31101,143,,"('31101', '31135')",1984,2026,43,2
31103,137,,"('31017', '31103')",1970,2026,57,2
31111,144,,"('31111', '31113')",1970,2026,57,2
31113,144,,"('31111', '31113')",1970,2026,57,2
31115,141,,"('31071', '31077', '31115', '31163', '31175', '31183')",1984,2026,43,6
31115,147,,"('31071', '31077', '31115', '31175', '31183')",1970,1983,14,5
31121,145,,"('31121', '31125')",1970,2026,57,2
31125,145,,"('31121', '31125')",1970,2026,57,2
31133,142,,"('31097', '31133')",1979,2026,48,2
31135,143,,"('31101', '31135')",1984,2026,43,2
31139,146,,"('31139', '31167')",1970,2026,57,2
31141,139,,"('31037', '31141')",2006,2026,21,2
31157,136,,"('31007', '31157')",1970,2026,57,2
31163,141,,"('31071', '31077', '31115', '31163', '31175', '31183')",1984,2026,43,6
31167,146,,"('31139', '31167')",1970,2026,57,2
31175,141,,"('31071', '31077', '31115', '31163', '31175', '31183')",1984,2026,43,6
31175,147,,"('31071', '31077', '31115', '31175', '31183')",1970,1983,14,5
31177,138,,"('31021', '31177')",1970,2026,57,2
31183,141,,"('31071', '31077', '31115', '31163', '31175', '31183')",1984,2026,43,6
31183,147,,"('31071', '31077', '31115', '31175', '31183')",1970,1983,14,5
35033,148,,"('35033', '35047')",1994,2026,33,2
35047,148,,"('35033', '35047')",1994,2026,33,2
36005,16,New York City,"('36061', '36005', '36047', '36081', '36085')",1970,2026,57,5
36047,16,New York City,"('36061', '36005', '36047', '36081', '36085')",1970,2026,57,5
36061,16,New York City,"('36061', '36005', '36047', '36081', '36085')",1970,2026,57,5
36081,16,New York City,"('36061', '36005', '36047', '36081', '36085')",1970,2026,57,5
36085,16,New York City,"('36061', '36005', '36047', '36081', '36085')",1970,2026,57,5
37015,125,,"('37015', '37117')",1989,2026,38,2
37029,126,,"('37029', '37139', '37143')",1970,2026,57,3
37095,127,,"('37095', '37187')",2004,2026,23,2
37111,128,,"('37111', '37121')",2000,2026,27,2
37117,125,,"('37015', '37117')",1989,2026,38,2
37121,128,,"('37111', '37121')",2000,2026,27,2
37139,126,,"('37029', '37139', '37143')",1970,2026,57,3
37143,126,,"('37029', '37139', '37143')",1970,2026,57,3
37187,127,,"('37095', '37187')",2004,2026,23,2
38005,12,Lake Region Law Enforcement Center,"('38005', '38027', '38063', '38071', '38095')",1970,2006,37,5
38005,13,Lake Region Law Enforcement Center,"('38005', '38027', '38063', '38071')",2007,2026,20,4
38007,14,Southwest Multi-County Correction Center,"('38007', '38011', '38025', '38033', '38041', '38087', '38089')",1994,2026,33,7
38007,134,,"('38007', '38011', '38025', '38041', '38087', '38089')",1979,1993,15,6
38007,135,,"('38007', '38087', '38089')",1970,1978,9,3
38009,129,,"('38009', '38075')",1970,2026,57,2
38011,14,Southwest Multi-County Correction Center,"('38007', '38011', '38025', '38033', '38041', '38087', '38089')",1994,2026,33,7
38011,134,,"('38007', '38011', '38025', '38041', '38087', '38089')",1979,1993,15,6
38015,130,,"('38015', '38029')",1984,2026,43,2
38023,131,,"('38023', '38105')",1979,2026,48,2
38025,14,Southwest Multi-County Correction Center,"('38007', '38011', '38025', '38033', '38041', '38087', '38089')",1994,2026,33,7
38025,134,,"('38007', '38011', '38025', '38041', '38087', '38089')",1979,1993,15,6
38027,12,Lake Region Law Enforcement Center,"('38005', '38027', '38063', '38071', '38095')",1970,2006,37,5
38027,13,Lake Region Law Enforcement Center,"('38005', '38027', '38063', '38071')",2007,2026,20,4
38029,130,,"('38015', '38029')",1984,2026,43,2
38033,14,Southwest Multi-County Correction Center,"('38007', '38011', '38025', '38033', '38041', '38087', '38089')",1994,2026,33,7
38037,132,,"('38037', '38057')",1984,2026,43,2
38041,14,Southwest Multi-County Correction Center,"('38007', '38011', '38025', '38033', '38041', '38087', '38089')",1994,2026,33,7
38041,134,,"('38007', '38011', '38025', '38041', '38087', '38089')",1979,1993,15,6
38049,15,Heart of America Correctional and Treatment Center,"('38049', '38069', '38095', '38103')",2007,2026,20,4
38057,132,,"('38037', '38057')",1984,2026,43,2
38063,12,Lake Region Law Enforcement Center,"('38005', '38027', '38063', '38071', '38095')",1970,2006,37,5
38063,13,Lake Region Law Enforcement Center,"('38005', '38027', '38063', '38071')",2007,2026,20,4
38069,15,Heart of America Correctional and Treatment Center,"('38049', '38069', '38095', '38103')",2007,2026,20,4
38071,12,Lake Region Law Enforcement Center,"('38005', '38027', '38063', '38071', '38095')",1970,2006,37,5
38071,13,Lake Region Law Enforcement Center,"('38005', '38027', '38063', '38071')",2007,2026,20,4
38075,129,,"('38009', '38075')",1970,2026,57,2
38085,133,,"('38085', '46021', '46129')",1970,2026,57,3
38087,14,Southwest Multi-County Correction Center,"('38007', '38011', '38025', '38033', '38041', '38087', '38089')",1994,2026,33,7
38087,134,,"('38007', '38011', '38025', '38041', '38087', '38089')",1979,1993,15,6
38087,135,,"('38007', '38087', '38089')",1970,1978,9,3
38089,14,Southwest Multi-County Correction Center,"('38007', '38011', '38025', '38033', '38041', '38087', '38089')",1994,2026,33,7
38089,134,,"('38007', '38011', '38025', '38041', '38087', '38089')",1979,1993,15,6
38089,135,,"('38007', '38087', '38089')",1970,1978,9,3
38095,12,Lake Region Law Enforcement Center,"('38005', '38027', '38063', '38071', '38095')",1970,2006,37,5
38095,15,Heart of America Correctional and Treatment Center,"('38049', '38069', '38095', '38103')",2007,2026,20,4
38103,15,Heart of America Correctional and Treatment Center,"('38049', '38069', '38095', '38103')",2007,2026,20,4
38105,131,,"('38023', '38105')",1979,2026,48,2
39009,17,Southeastern Ohio Regional Jail,"('39009', '39073', '39115', '39127', '39163')",1994,2026,33,5
39009,152,,"('39009', '39163')",1979,1993,15,2
39021,18,Tri-County Regional Jail,"('39021', '39097', '39159')",2000,2026,27,3
39021,151,,"('39021', '39159')",1994,1999,6,2
39039,19,Correction Center of Northwest Ohio,"('39039', '39051', '39069', '39171')",1989,2026,38,4
39051,19,Correction Center of Northwest Ohio,"('39039', '39051', '39069', '39171')",1989,2026,38,4
39065,20,Multi-County Correctional Center,"('39065', '39101')",2006,2026,21,2
39069,19,Correction Center of Northwest Ohio,"('39039', '39051', '39069', '39171')",1989,2026,38,4
39073,17,Southeastern Ohio Regional Jail,"('39009', '39073', '39115', '39127', '39163')",1994,2026,33,5
39097,18,Tri-County Regional Jail,"('39021', '39097', '39159')",2000,2026,27,3
39101,20,Multi-County Correctional Center,"('39065', '39101')",2006,2026,21,2
39105,149,,"('39105', '39167')",2000,2026,27,2
39115,17,Southeastern Ohio Regional Jail,"('39009', '39073', '39115', '39127', '39163')",1994,2026,33,5
39127,17,Southeastern Ohio Regional Jail,"('39009', '39073', '39115', '39127', '39163')",1994,2026,33,5
39131,150,,"('39131', '39145')",2000,2026,27,2
39145,150,,"('39131', '39145')",2000,2026,27,2
39159,18,Tri-County Regional Jail,"('39021', '39097', '39159')",2000,2026,27,3
39159,151,,"('39021', '39159')",1994,1999,6,2
39163,17,Southeastern Ohio Regional Jail,"('39009', '39073', '39115', '39127', '39163')",1994,2026,33,5
39163,152,,"('39009', '39163')",1979,1993,15,2
39167,149,,"('39105', '39167')",2000,2026,27,2
39171,19,Correction Center of Northwest Ohio,"('39039', '39051', '39069', '39171')",1989,2026,38,4
41021,21,Northern Oregon Regional Corrections Facility,"('41021', '41027', '41055', '41065')",2000,2026,27,4
41021,155,,"('41021', '41055', '41065')",1970,1999,30,3
41023,153,Grant County Jail,"('41023', '41069')",1970,2026,57,2
41027,21,Northern Oregon Regional Corrections Facility,"('41021', '41027', '41055', '41065')",2000,2026,27,4
41049,154,Hood River County Jail,"('41049', '41059')",1970,2026,57,2
41055,21,Northern Oregon Regional Corrections Facility,"('41021', '41027', '41055', '41065')",2000,2026,27,4
41055,155,,"('41021', '41055', '41065')",1970,1999,30,3
41059,154,Hood River County Jail,"('41049', '41059')",1970,2026,57,2
41065,21,Northern Oregon Regional Corrections Facility,"('41021', '41027', '41055', '41065')",2000,2026,27,4
41065,155,,"('41021', '41055', '41065')",1970,1999,30,3
41069,153,Grant County Jail,"('41023', '41069')",1970,2026,57,2
42037,156,Umatilla County Jail,"('42037', '42113')",1970,2026,57,2
42053,157,,"('42053', '42123')",1970,2026,57,2
42055,158,,"('42055', '42057')",1979,2026,48,2
42057,158,,"('42055', '42057')",1979,2026,48,2
42113,156,Umatilla County Jail,"('42037', '42113')",1970,2026,57,2
42123,157,,"('42053', '42123')",1970,2026,57,2
45017,159,,"('45017', '45075')",1970,2026,57,2
45061,22,Sumter-Lee Regional Detention Center,"('45061', '45085')",1970,2026,57,2
45075,159,,"('45017', '45075')",1970,2026,57,2
45085,22,Sumter-Lee Regional Detention Center,"('45061', '45085')",1970,2026,57,2
46013,160,,"('46013', '46115')",1984,2026,43,2
46019,161,,"('46019', '46093', '46105')",1979,2026,48,3
46021,133,,"('38085', '46021', '46129')",1970,2026,57,3
46023,162,,"('46023', '46043')",1970,2026,57,2
46025,163,,"('46025', '46029', '46039', '46057')",1970,2026,57,4
46027,164,,"('46027', '46125')",1979,2026,48,2
46029,163,,"('46025', '46029', '46039', '46057')",1970,2026,57,4
46035,165,,"('46035', '48431')",1989,2026,38,2
46039,163,,"('46025', '46029', '46039', '46057')",1970,2026,57,4
46043,162,,"('46023', '46043')",1970,2026,57,2
46049,166,,"('46049', '46069')",1970,2026,57,2
46055,167,,"('46055', '46095', '46121', '46123')",1979,2026,48,4
46055,170,,"('46055', '46121', '46123')",1970,1978,9,3
46057,163,,"('46025', '46029', '46039', '46057')",1970,2026,57,4
46065,168,,"('46065', '46119')",1970,2026,57,2
46069,166,,"('46049', '46069')",1970,2026,57,2
46083,169,,"('46083', '46099')",1979,2026,48,2
46093,161,,"('46019', '46093', '46105')",1979,2026,48,3
46095,167,,"('46055', '46095', '46121', '46123')",1979,2026,48,4
46099,169,,"('46083', '46099')",1979,2026,48,2
46105,161,,"('46019', '46093', '46105')",1979,2026,48,3
46115,160,,"('46013', '46115')",1984,2026,43,2
46119,168,,"('46065', '46119')",1970,2026,57,2
46121,167,,"('46055', '46095', '46121', '46123')",1979,2026,48,4
46121,170,,"('46055', '46121', '46123')",1970,1978,9,3
46123,167,,"('46055', '46095', '46121', '46123')",1979,2026,48,4
46123,170,,"('46055', '46121', '46123')",1970,1978,9,3
46125,164,,"('46027', '46125')",1979,2026,48,2
46129,133,,"('38085', '46021', '46129')",1970,2026,57,3
48009,171,,"('48009', '48023')",2000,2026,27,2
48023,171,,"('48009', '48023')",2000,2026,27,2
48033,172,,"('48033', '48415')",1979,2026,48,2
48095,173,,"('48095', '48399')",1970,2026,57,2
48111,174,,"('48111', '48205')",2000,2026,27,2
48169,175,,"('48169', '48263')",1970,2026,57,2
48205,174,,"('48111', '48205')",2000,2026,27,2
48211,176,,"('48211', '48393')",1989,2026,38,2
48235,177,,"('48235', '48451')",1970,2026,57,2
48261,178,,"('48261', '48273')",1970,2026,57,2
48263,175,,"('48169', '48263')",1970,2026,57,2
48273,178,,"('48261', '48273')",1970,2026,57,2
48297,179,,"('48297', '48311')",1970,2026,57,2
48301,180,,"('48301', '48495')",1970,2026,57,2
48311,179,,"('48297', '48311')",1970,2026,57,2
48393,176,,"('48211', '48393')",1989,2026,38,2
48399,173,,"('48095', '48399')",1970,2026,57,2
48415,172,,"('48033', '48415')",1979,2026,48,2
48431,165,,"('46035', '48431')",1989,2026,38,2
48451,177,,"('48235', '48451')",1970,2026,57,2
48495,180,,"('48301', '48495')",1970,2026,57,2
49029,181,,"('49029', '49057')",1970,2026,57,2
49031,182,,"('49031', '49041')",1970,2026,57,2
49041,182,,"('49031', '49041')",1970,2026,57,2
49057,181,,"('49029', '49057')",1970,2026,57,2
51003,24,Albemarle Charlottesville Regional Jail,"('51003', '51125', '51540')",1994,2026,33,3
51005,26,Alleghany County Regional Jail,"('51005', '51017', '51580')",2000,2026,27,3
51007,23,Piedmont Regional Jail,"('51007', '51049', '51111', '51135', '51147', '51029')",1984,2026,43,6
51007,193,,"('51007', '51049', '51147')",1970,1983,14,3
51009,32,Blue Ridge Regional Jail,"('51009', '51011', '51019', '51031', '51083', '51680')",2007,2026,20,6
51011,32,Blue Ridge Regional Jail,"('51009', '51011', '51019', '51031', '51083', '51680')",2007,2026,20,6
51013,183,,"('51013', '51610')",1970,2026,57,2
51015,25,Middle River Regional Jail,"('51015', '51091', '51820', '51790', '51660')",1994,2026,33,5
51015,190,,"('51015', '51820')",1970,1993,24,2
51017,26,Alleghany County Regional Jail,"('51005', '51017', '51580')",2000,2026,27,3
51019,32,Blue Ridge Regional Jail,"('51009', '51011', '51019', '51031', '51083', '51680')",2007,2026,20,6
51019,185,,"('51019', '51031', '51083', '51680')",1998,2005,8,4
51021,27,New River Valley Regional Jail,"('51021', '51035', '51063', '51071', '51077', '51155', '51197', '51750', '51640')",1994,2026,33,9
51023,33,Botetourt-Craig County Public Safety Facility,"('51023', '51045')",1970,2026,57,2
51025,34,Meherrin River Regional Jail,"('51025', '51053', '51117')",2007,2026,20,3
51027,35,Southwest Virginia Regional Jail,"('51027', '51051', '51105', '51167', '51169', '51173', '51185', '51191', '51195', '51720')",2006,2026,21,10
51027,186,,"('51027', '51105', '51173', '51191', '51195', '51720')",2005,2005,1,6
51029,23,Piedmont Regional Jail,"('51007', '51049', '51111', '51135', '51147', '51029')",1984,2026,43,6
51031,32,Blue Ridge Regional Jail,"('51009', '51011', '51019', '51031', '51083', '51680')",2007,2026,20,6
51031,185,,"('51019', '51031', '51083', '51680')",1998,2005,8,4
51035,27,New River Valley Regional Jail,"('51021', '51035', '51063', '51071', '51077', '51155', '51197', '51750', '51640')",1994,2026,33,9
51036,30,Riverside Regional Jail,"('51036', '51181', '51570', '51670', '51730', '51149', '51041')",2014,2026,13,7
51036,184,,"('51036', '51181', '51570', '51670')",1970,2013,44,4
51041,30,Riverside Regional Jail,"('51036', '51181', '51570', '51670', '51730', '51149', '51041')",2014,2026,13,7
51043,36,Northwestern Regional Adult Detention Center,"('51043', '51061', '51069', '51840')",1991,2026,36,4
51045,33,Botetourt-Craig County Public Safety Facility,"('51023', '51045')",1970,2026,57,2
51049,23,Piedmont Regional Jail,"('51007', '51049', '51111', '51135', '51147', '51029')",1984,2026,43,6
51049,193,,"('51007', '51049', '51147')",1970,1983,14,3
51051,35,Southwest Virginia Regional Jail,"('51027', '51051', '51105', '51167', '51169', '51173', '51185', '51191', '51195', '51720')",2006,2026,21,10
51053,34,Meherrin River Regional Jail,"('51025', '51053', '51117')",2007,2026,20,3
51057,37,Middle Peninsula Regional Security Center,"('51057', '51097', '51115', '51119')",1970,2026,57,4
51061,36,Northwestern Regional Adult Detention Center,"('51043', '51061', '51069', '51840')",1991,2026,36,4
51063,27,New River Valley Regional Jail,"('51021', '51035', '51063', '51071', '51077', '51155', '51197', '51750', '51640')",1994,2026,33,9
51065,38,Central Virginia Regional Jail,"('51065', '51079', '51109', '51113', '51137')",1989,2026,38,5
51065,192,,"('51065', '51079', '51113', '51137')",1970,1988,19,4
51067,29,Western Virginia Regional Jail,"('51067', '51161', '51121', '51775')",2007,2026,20,4
51069,36,Northwestern Regional Adult Detention Center,"('51043', '51061', '51069', '51840')",1991,2026,36,4
51071,27,New River Valley Regional Jail,"('51021', '51035', '51063', '51071', '51077', '51155', '51197', '51750', '51640')",1994,2026,33,9
51075,39,Henrico County Regional Jail,"('51075', '51087', '51127')",1970,2026,57,3
51077,27,New River Valley Regional Jail,"('51021', '51035', '51063', '51071', '51077', '51155', '51197', '51750', '51640')",1994,2026,33,9
51079,38,Central Virginia Regional Jail,"('51065', '51079', '51109', '51113', '51137')",1989,2026,38,5
51079,192,,"('51065', '51079', '51113', '51137')",1970,1988,19,4
51081,40,Southside Regional Jail,"('51081', '51595')",1970,2026,57,2
51083,32,Blue Ridge Regional Jail,"('51009', '51011', '51019', '51031', '51083', '51680')",2007,2026,20,6
51083,185,,"('51019', '51031', '51083', '51680')",1998,2005,8,4
51087,39,Henrico County Regional Jail,"('51075', '51087', '51127')",1970,2026,57,3
51091,25,Middle River Regional Jail,"('51015', '51091', '51820', '51790', '51660')",1994,2026,33,5
51093,41,Western Tidewater Regional Jail,"('51093', '51620', '51800')",1970,2026,57,3
51095,28,Virginia Peninsula Regional Jail,"('51199', '51735', '51830', '51095')",1970,2026,57,4
51097,37,Middle Peninsula Regional Security Center,"('51057', '51097', '51115', '51119')",1970,2026,57,4
51099,42,Rappahannock Regional Jail,"('51099', '51177', '51179', '51630')",1970,2026,57,4
51105,35,Southwest Virginia Regional Jail,"('51027', '51051', '51105', '51167', '51169', '51173', '51185', '51191', '51195', '51720')",2006,2026,21,10
51105,186,,"('51027', '51105', '51173', '51191', '51195', '51720')",2005,2005,1,6
51105,187,,"('51105', '51173', '51191', '51195', '51720')",2000,2004,5,5
51109,38,Central Virginia Regional Jail,"('51065', '51079', '51109', '51113', '51137')",1989,2026,38,5
51111,23,Piedmont Regional Jail,"('51007', '51049', '51111', '51135', '51147', '51029')",1984,2026,43,6
51113,38,Central Virginia Regional Jail,"('51065', '51079', '51109', '51113', '51137')",1989,2026,38,5
51113,192,,"('51065', '51079', '51113', '51137')",1970,1988,19,4
51115,37,Middle Peninsula Regional Security Center,"('51057', '51097', '51115', '51119')",1970,2026,57,4
51117,34,Meherrin River Regional Jail,"('51025', '51053', '51117')",2007,2026,20,3
51119,37,Middle Peninsula Regional Security Center,"('51057', '51097', '51115', '51119')",1970,2026,57,4
51121,29,Western Virginia Regional Jail,"('51067', '51161', '51121', '51775')",2007,2026,20,4
51125,24,Albemarle Charlottesville Regional Jail,"('51003', '51125', '51540')",1994,2026,33,3
51127,39,Henrico County Regional Jail,"('51075', '51087', '51127')",1970,2026,57,3
51133,31,Northern Neck Regional Jail,"('51133', '51159', '51193')",2000,2026,27,3
51135,23,Piedmont Regional Jail,"('51007', '51049', '51111', '51135', '51147', '51029')",1984,2026,43,6
51137,38,Central Virginia Regional Jail,"('51065', '51079', '51109', '51113', '51137')",1989,2026,38,5
51137,192,,"('51065', '51079', '51113', '51137')",1970,1988,19,4
51147,23,Piedmont Regional Jail,"('51007', '51049', '51111', '51135', '51147', '51029')",1984,2026,43,6
51147,193,,"('51007', '51049', '51147')",1970,1983,14,3
51149,30,Riverside Regional Jail,"('51036', '51181', '51570', '51670', '51730', '51149', '51041')",2014,2026,13,7
51153,43,Prince William-Manassas Regional Adult Detention Center,"('51153', '51683', '51685')",1990,2026,37,3
51155,27,New River Valley Regional Jail,"('51021', '51035', '51063', '51071', '51077', '51155', '51197', '51750', '51640')",1994,2026,33,9
51155,191,,"('51155', '51640')",1970,1993,24,2
51157,44,Rappahannock Shenandoah Warren Regional Jail,"('51157', '51171', '51187')",2014,2026,13,3
51159,31,Northern Neck Regional Jail,"('51133', '51159', '51193')",2000,2026,27,3
51159,188,,"('51159', '51193')",1994,1999,6,2
51161,29,Western Virginia Regional Jail,"('51067', '51161', '51121', '51775')",2007,2026,20,4
51163,45,Rockbridge Regional Jail,"('51163', '51530', '51678')",1970,2026,57,3
51167,35,Southwest Virginia Regional Jail,"('51027', '51051', '51105', '51167', '51169', '51173', '51185', '51191', '51195', '51720')",2006,2026,21,10
51169,35,Southwest Virginia Regional Jail,"('51027', '51051', '51105', '51167', '51169', '51173', '51185', '51191', '51195', '51720')",2006,2026,21,10
51171,44,Rappahannock Shenandoah Warren Regional Jail,"('51157', '51171', '51187')",2014,2026,13,3
51173,35,Southwest Virginia Regional Jail,"('51027', '51051', '51105', '51167', '51169', '51173', '51185', '51191', '51195', '51720')",2006,2026,21,10
51173,186,,"('51027', '51105', '51173', '51191', '51195', '51720')",2005,2005,1,6
51173,187,,"('51105', '51173', '51191', '51195', '51720')",2000,2004,5,5
51177,42,Rappahannock Regional Jail,"('51099', '51177', '51179', '51630')",1970,2026,57,4
51179,42,Rappahannock Regional Jail,"('51099', '51177', '51179', '51630')",1970,2026,57,4
51181,30,Riverside Regional Jail,"('51036', '51181', '51570', '51670', '51730', '51149', '51041')",2014,2026,13,7
51181,184,,"('51036', '51181', '51570', '51670')",1970,2013,44,4
51185,35,Southwest Virginia Regional Jail,"('51027', '51051', '51105', '51167', '51169', '51173', '51185', '51191', '51195', '51720')",2006,2026,21,10
51187,44,Rappahannock Shenandoah Warren Regional Jail,"('51157', '51171', '51187')",2014,2026,13,3
51191,35,Southwest Virginia Regional Jail,"('51027', '51051', '51105', '51167', '51169', '51173', '51185', '51191', '51195', '51720')",2006,2026,21,10
51191,186,,"('51027', '51105', '51173', '51191', '51195', '51720')",2005,2005,1,6
51191,187,,"('51105', '51173', '51191', '51195', '51720')",2000,2004,5,5
51191,189,,"('51191', '51720')",1970,1999,30,2
51193,31,Northern Neck Regional Jail,"('51133', '51159', '51193')",2000,2026,27,3
51193,188,,"('51159', '51193')",1994,1999,6,2
51195,35,Southwest Virginia Regional Jail,"('51027', '51051', '51105', '51167', '51169', '51173', '51185', '51191', '51195', '51720')",2006,2026,21,10
51195,186,,"('51027', '51105', '51173', '51191', '51195', '51720')",2005,2005,1,6
51195,187,,"('51105', '51173', '51191', '51195', '51720')",2000,2004,5,5
51197,27,New River Valley Regional Jail,"('51021', '51035', '51063', '51071', '51077', '51155', '51197', '51750', '51640')",1994,2026,33,9
51199,28,Virginia Peninsula Regional Jail,"('51199', '51735', '51830', '51095')",1970,2026,57,4
51530,45,Rockbridge Regional Jail,"('51163', '51530', '51678')",1970,2026,57,3
51540,24,Albemarle Charlottesville Regional Jail,"('51003', '51125', '51540')",1994,2026,33,3
51570,30,Riverside Regional Jail,"('51036', '51181', '51570', '51670', '51730', '51149', '51041')",2014,2026,13,7
51570,184,,"('51036', '51181', '51570', '51670')",1970,2013,44,4
51580,26,Alleghany County Regional Jail,"('51005', '51017', '51580')",2000,2026,27,3
51595,40,Southside Regional Jail,"('51081', '51595')",1970,2026,57,2
51610,183,,"('51013', '51610')",1970,2026,57,2
51620,41,Western Tidewater Regional Jail,"('51093', '51620', '51800')",1970,2026,57,3
51630,42,Rappahannock Regional Jail,"('51099', '51177', '51179', '51630')",1970,2026,57,4
51640,27,New River Valley Regional Jail,"('51021', '51035', '51063', '51071', '51077', '51155', '51197', '51750', '51640')",1994,2026,33,9
51640,191,,"('51155', '51640')",1970,1993,24,2
51660,25,Middle River Regional Jail,"('51015', '51091', '51820', '51790', '51660')",1994,2026,33,5
51670,30,Riverside Regional Jail,"('51036', '51181', '51570', '51670', '51730', '51149', '51041')",2014,2026,13,7
51670,184,,"('51036', '51181', '51570', '51670')",1970,2013,44,4
51678,45,Rockbridge Regional Jail,"('51163', '51530', '51678')",1970,2026,57,3
51680,32,Blue Ridge Regional Jail,"('51009', '51011', '51019', '51031', '51083', '51680')",2007,2026,20,6
51680,185,,"('51019', '51031', '51083', '51680')",1998,2005,8,4
51683,43,Prince William-Manassas Regional Adult Detention Center,"('51153', '51683', '51685')",1990,2026,37,3
51685,43,Prince William-Manassas Regional Adult Detention Center,"('51153', '51683', '51685')",1990,2026,37,3
51720,35,Southwest Virginia Regional Jail,"('51027', '51051', '51105', '51167', '51169', '51173', '51185', '51191', '51195', '51720')",2006,2026,21,10
51720,186,,"('51027', '51105', '51173', '51191', '51195', '51720')",2005,2005,1,6
51720,187,,"('51105', '51173', '51191', '51195', '51720')",2000,2004,5,5
51720,189,,"('51191', '51720')",1970,1999,30,2
51730,30,Riverside Regional Jail,"('51036', '51181', '51570', '51670', '51730', '51149', '51041')",2014,2026,13,7
51735,28,Virginia Peninsula Regional Jail,"('51199', '51735', '51830', '51095')",1970,2026,57,4
51750,27,New River Valley Regional Jail,"('51021', '51035', '51063', '51071', '51077', '51155', '51197', '51750', '51640')",1994,2026,33,9
51775,29,Western Virginia Regional Jail,"('51067', '51161', '51121', '51775')",2007,2026,20,4
51790,25,Middle River Regional Jail,"('51015', '51091', '51820', '51790', '51660')",1994,2026,33,5
51800,41,Western Tidewater Regional Jail,"('51093', '51620', '51800')",1970,2026,57,3
51820,25,Middle River Regional Jail,"('51015', '51091', '51820', '51790', '51660')",1994,2026,33,5
51820,190,,"('51015', '51820')",1970,1993,24,2
51830,28,Virginia Peninsula Regional Jail,"('51199', '51735', '51830', '51095')",1970,2026,57,4
51840,36,Northwestern Regional Adult Detention Center,"('51043', '51061', '51069', '51840')",1991,2026,36,4
53007,194,,"('53007', '53017', '53047')",1984,2026,43,3
53017,194,,"('53007', '53017', '53047')",1984,2026,43,3
53017,195,,"('53017', '53047')",1979,1983,5,2
53029,196,,"('53029', '53055')",1970,2026,57,2
53047,194,,"('53007', '53017', '53047')",1984,2026,43,3
53047,195,,"('53017', '53047')",1979,1983,5,2
53055,196,,"('53029', '53055')",1970,2026,57,2
54001,48,Tygart Valley Regional Jail,"('54001', '54075', '54077', '54083', '54091', '54093', '54097')",2006,2026,21,7
54001,199,,"('54001', '54083', '54093', '54097')",2000,2005,6,4
54003,49,Eastern Regional Jail,"('54003', '54037', '54065')",1989,2026,38,3
54005,46,Central Regional Jail,"('54005', '54045', '54059', '54047')",1994,2026,33,4
54005,205,,"('54005', '54045')",1989,1993,5,2
54007,50,Western Regional Jail,"('54007', '54013', '54015', '54021', '54041', '54067', '54087', '54101')",1993,2026,34,8
54007,210,,"('54007', '54015', '54021', '54041', '54067', '54087', '54101')",1990,1992,3,7
54007,211,,"('54007', '54015', '54021', '54041', '54087', '54101')",1989,1989,1,6
54007,212,,"('54007', '54015')",1979,1988,10,2
54009,51,North Central Regional Jail,"('54009', '54029', '54051', '54069', '54103')",2000,2026,27,5
54009,201,,"('54009', '54051', '54069', '54103')",1994,1999,6,4
54011,52,Potomac Highlands Regional Jail,"('54011', '54043', '54053', '54079', '54099')",2000,2026,27,5
54011,202,,"('54011', '54043', '54079')",1994,1999,6,3
54011,206,,"('54011', '54043')",1984,1993,10,2
54013,50,Western Regional Jail,"('54007', '54013', '54015', '54021', '54041', '54067', '54087', '54101')",1993,2026,34,8
54015,50,Western Regional Jail,"('54007', '54013', '54015', '54021', '54041', '54067', '54087', '54101')",1993,2026,34,8
54015,210,,"('54007', '54015', '54021', '54041', '54067', '54087', '54101')",1990,1992,3,7
54015,211,,"('54007', '54015', '54021', '54041', '54087', '54101')",1989,1989,1,6
54015,212,,"('54007', '54015')",1979,1988,10,2
54017,47,South Central Regional Jail,"('54017', '54033', '54049', '54061', '54073', '54095', '54105', '54107', '54085')",2002,2026,25,9
54017,200,,"('54017', '54033', '54073', '54095', '54105')",2000,2001,2,5
54019,53,Southwestern Regional Jail,"('54019', '54025', '54055', '54063', '54081', '54089', '54109')",2007,2026,20,7
54019,198,,"('54019', '54025', '54063', '54081', '54089', '54109')",1994,2006,13,6
54021,50,Western Regional Jail,"('54007', '54013', '54015', '54021', '54041', '54067', '54087', '54101')",1993,2026,34,8
54021,210,,"('54007', '54015', '54021', '54041', '54067', '54087', '54101')",1990,1992,3,7
54021,211,,"('54007', '54015', '54021', '54041', '54087', '54101')",1989,1989,1,6
54023,54,Northern Regional Jail And Correction Facility,"('54023', '54027', '54031', '54057', '54071')",2000,2026,27,5
54023,203,,"('54023', '54027', '54031')",1994,1999,6,3
54025,53,Southwestern Regional Jail,"('54019', '54025', '54055', '54063', '54081', '54089', '54109')",2007,2026,20,7
54025,198,,"('54019', '54025', '54063', '54081', '54089', '54109')",1994,2006,13,6
54027,54,Northern Regional Jail And Correction Facility,"('54023', '54027', '54031', '54057', '54071')",2000,2026,27,5
54027,203,,"('54023', '54027', '54031')",1994,1999,6,3
54027,207,,"('54027', '54031')",1989,1993,5,2
54029,51,North Central Regional Jail,"('54009', '54029', '54051', '54069', '54103')",2000,2026,27,5
54031,54,Northern Regional Jail And Correction Facility,"('54023', '54027', '54031', '54057', '54071')",2000,2026,27,5
54031,203,,"('54023', '54027', '54031')",1994,1999,6,3
54031,207,,"('54027', '54031')",1989,1993,5,2
54033,47,South Central Regional Jail,"('54017', '54033', '54049', '54061', '54073', '54095', '54105', '54107', '54085')",2002,2026,25,9
54033,200,,"('54017', '54033', '54073', '54095', '54105')",2000,2001,2,5
54035,55,Southern Regional Jail,"('54035', '54039')",2000,2026,27,2
54037,49,Eastern Regional Jail,"('54003', '54037', '54065')",1989,2026,38,3
54039,55,Southern Regional Jail,"('54035', '54039')",2000,2026,27,2
54041,50,Western Regional Jail,"('54007', '54013', '54015', '54021', '54041', '54067', '54087', '54101')",1993,2026,34,8
54041,210,,"('54007', '54015', '54021', '54041', '54067', '54087', '54101')",1990,1992,3,7
54041,211,,"('54007', '54015', '54021', '54041', '54087', '54101')",1989,1989,1,6
54043,52,Potomac Highlands Regional Jail,"('54011', '54043', '54053', '54079', '54099')",2000,2026,27,5
54043,202,,"('54011', '54043', '54079')",1994,1999,6,3
54043,206,,"('54011', '54043')",1984,1993,10,2
54045,46,Central Regional Jail,"('54005', '54045', '54059', '54047')",1994,2026,33,4
54045,205,,"('54005', '54045')",1989,1993,5,2
54047,46,Central Regional Jail,"('54005', '54045', '54059', '54047')",1994,2026,33,4
54049,47,South Central Regional Jail,"('54017', '54033', '54049', '54061', '54073', '54095', '54105', '54107', '54085')",2002,2026,25,9
54051,51,North Central Regional Jail,"('54009', '54029', '54051', '54069', '54103')",2000,2026,27,5
54051,201,,"('54009', '54051', '54069', '54103')",1994,1999,6,4
54051,208,,"('54051', '54103')",1993,1993,1,2
54053,52,Potomac Highlands Regional Jail,"('54011', '54043', '54053', '54079', '54099')",2000,2026,27,5
54055,53,Southwestern Regional Jail,"('54019', '54025', '54055', '54063', '54081', '54089', '54109')",2007,2026,20,7
54057,54,Northern Regional Jail And Correction Facility,"('54023', '54027', '54031', '54057', '54071')",2000,2026,27,5
54059,46,Central Regional Jail,"('54005', '54045', '54059', '54047')",1994,2026,33,4
54061,47,South Central Regional Jail,"('54017', '54033', '54049', '54061', '54073', '54095', '54105', '54107', '54085')",2002,2026,25,9
54063,53,Southwestern Regional Jail,"('54019', '54025', '54055', '54063', '54081', '54089', '54109')",2007,2026,20,7
54063,198,,"('54019', '54025', '54063', '54081', '54089', '54109')",1994,2006,13,6
54065,49,Eastern Regional Jail,"('54003', '54037', '54065')",1989,2026,38,3
54067,50,Western Regional Jail,"('54007', '54013', '54015', '54021', '54041', '54067', '54087', '54101')",1993,2026,34,8
54067,210,,"('54007', '54015', '54021', '54041', '54067', '54087', '54101')",1990,1992,3,7
54069,51,North Central Regional Jail,"('54009', '54029', '54051', '54069', '54103')",2000,2026,27,5
54069,201,,"('54009', '54051', '54069', '54103')",1994,1999,6,4
54071,54,Northern Regional Jail And Correction Facility,"('54023', '54027', '54031', '54057', '54071')",2000,2026,27,5
54073,47,South Central Regional Jail,"('54017', '54033', '54049', '54061', '54073', '54095', '54105', '54107', '54085')",2002,2026,25,9
54073,200,,"('54017', '54033', '54073', '54095', '54105')",2000,2001,2,5
54075,48,Tygart Valley Regional Jail,"('54001', '54075', '54077', '54083', '54091', '54093', '54097')",2006,2026,21,7
54077,48,Tygart Valley Regional Jail,"('54001', '54075', '54077', '54083', '54091', '54093', '54097')",2006,2026,21,7
54079,52,Potomac Highlands Regional Jail,"('54011', '54043', '54053', '54079', '54099')",2000,2026,27,5
54079,202,,"('54011', '54043', '54079')",1994,1999,6,3
54081,53,Southwestern Regional Jail,"('54019', '54025', '54055', '54063', '54081', '54089', '54109')",2007,2026,20,7
54081,198,,"('54019', '54025', '54063', '54081', '54089', '54109')",1994,2006,13,6
54083,48,Tygart Valley Regional Jail,"('54001', '54075', '54077', '54083', '54091', '54093', '54097')",2006,2026,21,7
54083,199,,"('54001', '54083', '54093', '54097')",2000,2005,6,4
54083,204,,"('54083', '54093', '54097')",1994,1999,6,3
54083,209,,"('54083', '54093')",1984,1993,10,2
54085,47,South Central Regional Jail,"('54017', '54033', '54049', '54061', '54073', '54095', '54105', '54107', '54085')",2002,2026,25,9
54087,50,Western Regional Jail,"('54007', '54013', '54015', '54021', '54041', '54067', '54087', '54101')",1993,2026,34,8
54087,210,,"('54007', '54015', '54021', '54041', '54067', '54087', '54101')",1990,1992,3,7
54087,211,,"('54007', '54015', '54021', '54041', '54087', '54101')",1989,1989,1,6
54089,53,Southwestern Regional Jail,"('54019', '54025', '54055', '54063', '54081', '54089', '54109')",2007,2026,20,7
54089,198,,"('54019', '54025', '54063', '54081', '54089', '54109')",1994,2006,13,6
54091,48,Tygart Valley Regional Jail,"('54001', '54075', '54077', '54083', '54091', '54093', '54097')",2006,2026,21,7
54093,48,Tygart Valley Regional Jail,"('54001', '54075', '54077', '54083', '54091', '54093', '54097')",2006,2026,21,7
54093,199,,"('54001', '54083', '54093', '54097')",2000,2005,6,4
54093,204,,"('54083', '54093', '54097')",1994,1999,6,3
54093,209,,"('54083', '54093')",1984,1993,10,2
54095,47,South Central Regional Jail,"('54017', '54033', '54049', '54061', '54073', '54095', '54105', '54107', '54085')",2002,2026,25,9
54095,200,,"('54017', '54033', '54073', '54095', '54105')",2000,2001,2,5
54097,48,Tygart Valley Regional Jail,"('54001', '54075', '54077', '54083', '54091', '54093', '54097')",2006,2026,21,7
54097,199,,"('54001', '54083', '54093', '54097')",2000,2005,6,4
54097,204,,"('54083', '54093', '54097')",1994,1999,6,3
54099,52,Potomac Highlands Regional Jail,"('54011', '54043', '54053', '54079', '54099')",2000,2026,27,5
54101,50,Western Regional Jail,"('54007', '54013', '54015', '54021', '54041', '54067', '54087', '54101')",1993,2026,34,8
54101,210,,"('54007', '54015', '54021', '54041', '54067', '54087', '54101')",1990,1992,3,7
54101,211,,"('54007', '54015', '54021', '54041', '54087', '54101')",1989,1989,1,6
54103,51,North Central Regional Jail,"('54009', '54029', '54051', '54069', '54103')",2000,2026,27,5
54103,201,,"('54009', '54051', '54069', '54103')",1994,1999,6,4
54103,208,,"('54051', '54103')",1993,1993,1,2
54105,47,South Central Regional Jail,"('54017', '54033', '54049', '54061', '54073', '54095', '54105', '54107', '54085')",2002,2026,25,9
54105,200,,"('54017', '54033', '54073', '54095', '54105')",2000,2001,2,5
54107,47,South Central Regional Jail,"('54017', '54033', '54049', '54061', '54073', '54095', '54105', '54107', '54085')",2002,2026,25,9
54109,53,Southwestern Regional Jail,"('54019', '54025', '54055', '54063', '54081', '54089', '54109')",2007,2026,20,7
54109,198,,"('54019', '54025', '54063', '54081', '54089', '54109')",1994,2006,13,6
55078,197,,"('55078', '55115')",1970,2026,57,2
55115,197,,"('55078', '55115')",1970,2026,57,2
